{"cameraMode":{"drawMode":0,"name":"Shaded","section":"Shading Mode"},"sceneLighting":false,"audioPlay":false,"sceneViewState":{"showFog":true,"showMaterialUpdate":false,"showSkybox":false,"showFlares":true,"showImageEffects":true,"showParticleSystems":true},"in2DMode":false,"pivot":{"x":-0.31220030784606936,"y":-3.694704055786133,"z":-8.179403305053711},"rotation":{"x":0.03432360291481018,"y":0.9611647129058838,"z":-0.23521257936954499,"w":0.14025327563285829},"size":5.010845184326172,"orthographic":false}