{"cameraMode":{"drawMode":0,"name":"Shaded","section":"Shading Mode"},"sceneLighting":true,"audioPlay":false,"sceneViewState":{"showFog":true,"showMaterialUpdate":true,"showSkybox":true,"showFlares":true,"showImageEffects":true,"showParticleSystems":true},"in2DMode":false,"pivot":{"x":-10.492774963378907,"y":-7.652246475219727,"z":-8.937643051147461},"rotation":{"x":0.1406634896993637,"y":-0.8456664681434631,"z":0.2721945643424988,"w":0.43702250719070437},"size":9.014436721801758,"orthographic":false}