{"cameraMode":{"drawMode":0,"name":"Shaded","section":"Shading Mode"},"sceneLighting":false,"audioPlay":false,"sceneViewState":{"showFog":true,"showMaterialUpdate":false,"showSkybox":false,"showFlares":true,"showImageEffects":true,"showParticleSystems":true},"in2DMode":false,"pivot":{"x":-7.216573238372803,"y":-2.0175299644470217,"z":-5.845034599304199},"rotation":{"x":0.06951098889112473,"y":-0.8899136185646057,"z":0.14489075541496278,"w":0.4269143044948578},"size":6.107778072357178,"orthographic":false}